ID_Solicitud,Decision_Aprobacion
32417,0
32418,0
32419,0
32420,0
32421,0
32422,0
32423,1
32424,0
32425,0
32426,0
32427,0
32428,0
32429,0
32430,0
32431,1
32432,1
32433,0
32434,0
32435,0
32436,0
32437,0
32438,0
32439,0
32440,0
32441,0
32442,0
32443,0
32444,0
32445,0
32446,0
32447,0
32448,1
32449,0
32450,0
32451,0
32452,0
32453,0
32454,0
32455,0
32456,1
32457,0
32458,0
32459,1
32460,0
32461,0
32462,1
32463,0
32464,0
32465,0
32466,0
32467,0
32468,0
32469,0
32470,0
32471,1
32472,0
32473,1
32474,1
32475,0
32476,0
32477,1
32478,1
32479,1
32480,0
32481,0
32482,1
32483,0
32484,0
32485,0
32486,0
32487,0
32488,0
32489,0
32490,0
32491,0
32492,0
32493,1
32494,0
32495,0
32496,0
32497,0
32498,0
32499,0
32500,0
32501,1
32502,0
32503,0
32504,0
32505,0
32506,1
32507,0
32508,0
32509,0
32510,0
32511,0
32512,0
32513,0
32514,0
32515,0
32516,0
32517,1
32518,0
32519,0
32520,1
32521,0
32522,0
32523,1
32524,1
32525,1
32526,0
32527,1
32528,0
32529,0
32530,0
32531,0
32532,1
32533,0
32534,0
32535,0
32536,0
32537,0
32538,0
32539,0
32540,0
32541,1
32542,0
32543,0
32544,0
32545,0
32546,0
32547,0
32548,1
32549,0
32550,0
32551,0
32552,0
32553,1
32554,0
32555,0
32556,0
32557,0
32558,0
32559,0
32560,1
32561,0
32562,0
32563,1
32564,1
32565,0
32566,0
32567,1
32568,0
32569,1
32570,0
32571,0
32572,1
32573,0
32574,1
32575,0
32576,1
32577,1
32578,0
32579,0
32580,0
32581,0
32582,0
32583,0
32584,0
32585,0
32586,0
32587,0
32588,0
32589,1
32590,1
32591,0
32592,0
32593,0
32594,0
32595,0
32596,0
32597,0
32598,0
32599,1
32600,0
32601,0
32602,0
32603,1
32604,0
32605,0
32606,1
32607,0
32608,0
32609,0
32610,0
32611,0
32612,0
32613,0
32614,1
32615,1
32616,0
32617,0
32618,0
32619,1
32620,0
32621,0
32622,1
32623,0
32624,0
32625,0
32626,0
32627,0
32628,0
32629,0
32630,0
32631,0
32632,1
32633,0
32634,0
32635,0
32636,0
32637,0
32638,0
32639,1
32640,0
32641,1
32642,1
32643,0
32644,0
32645,0
32646,0
32647,0
32648,0
32649,0
32650,0
32651,0
32652,0
32653,0
32654,0
32655,0
32656,0
32657,0
32658,1
32659,0
32660,0
32661,0
32662,1
32663,1
32664,0
32665,0
32666,0
32667,1
32668,0
32669,0
32670,0
32671,1
32672,0
32673,1
32674,0
32675,0
32676,1
32677,0
32678,0
32679,0
32680,1
32681,0
32682,0
32683,0
32684,0
32685,1
32686,1
32687,0
32688,1
32689,0
32690,0
32691,0
32692,0
32693,1
32694,0
32695,0
32696,0
32697,0
32698,0
32699,0
32700,0
32701,0
32702,1
32703,0
32704,0
32705,0
32706,0
32707,1
32708,0
32709,0
32710,1
32711,0
32712,0
32713,0
32714,0
32715,0
32716,1
32717,0
32718,0
32719,1
32720,1
32721,0
32722,0
32723,0
32724,1
32725,0
32726,0
32727,1
32728,0
32729,0
32730,0
32731,0
32732,0
32733,0
32734,0
32735,0
32736,0
32737,0
32738,0
32739,0
32740,0
32741,1
32742,0
32743,1
32744,0
32745,0
32746,0
32747,0
32748,0
32749,1
32750,0
32751,0
32752,1
32753,0
32754,1
32755,0
32756,0
32757,0
32758,1
32759,0
32760,0
32761,0
32762,0
32763,0
32764,0
32765,0
32766,0
32767,0
32768,0
32769,0
32770,0
32771,0
32772,1
32773,0
32774,0
32775,0
32776,1
32777,1
32778,0
32779,1
32780,0
32781,0
32782,0
32783,0
32784,1
32785,0
32786,0
32787,0
32788,0
32789,0
32790,1
32791,0
32792,0
32793,0
32794,0
32795,0
32796,0
32797,1
32798,0
32799,0
32800,0
32801,0
32802,0
32803,0
32804,0
32805,1
32806,0
32807,0
32808,0
32809,0
32810,0
32811,0
32812,0
32813,0
32814,0
32815,0
32816,1
32817,0
32818,1
32819,0
32820,1
32821,0
32822,0
32823,0
32824,0
32825,1
32826,0
32827,0
32828,0
32829,1
32830,1
32831,0
32832,0
32833,0
32834,1
32835,0
32836,0
32837,1
32838,0
32839,0
32840,0
32841,1
32842,0
32843,1
32844,0
32845,1
32846,0
32847,0
32848,0
32849,0
32850,0
32851,0
32852,0
32853,0
32854,1
32855,1
32856,0
32857,0
32858,0
32859,1
32860,1
32861,0
32862,0
32863,0
32864,0
32865,1
32866,0
32867,0
32868,0
32869,0
32870,0
32871,1
32872,0
32873,0
32874,0
32875,0
32876,0
32877,0
32878,0
32879,0
32880,0
32881,0
32882,0
32883,0
32884,0
32885,0
32886,1
32887,0
32888,0
32889,1
32890,0
32891,1
32892,0
32893,1
32894,0
32895,0
32896,1
32897,0
32898,1
32899,0
32900,0
32901,1
32902,1
32903,1
32904,0
32905,0
32906,0
32907,0
32908,1
32909,1
32910,1
32911,1
32912,0
32913,0
32914,0
32915,0
32916,0
32917,0
32918,0
32919,0
32920,0
32921,0
32922,0
32923,0
32924,0
32925,0
32926,1
32927,1
32928,0
32929,1
32930,0
32931,0
32932,0
32933,1
32934,1
32935,1
32936,0
32937,0
32938,0
32939,0
32940,0
32941,1
32942,0
32943,1
32944,0
32945,1
32946,0
32947,0
32948,0
32949,0
32950,0
32951,0
32952,0
32953,0
32954,0
32955,0
32956,0
32957,0
32958,0
32959,0
32960,0
32961,1
32962,1
32963,0
32964,1
32965,0
32966,0
32967,0
32968,0
32969,0
32970,0
32971,1
32972,1
32973,1
32974,1
32975,0
32976,1
32977,1
32978,0
32979,1
32980,0
32981,1
32982,0
32983,1
32984,0
32985,0
32986,1
32987,0
32988,0
32989,0
32990,1
32991,1
32992,1
32993,0
32994,1
32995,0
32996,0
32997,0
32998,0
32999,1
33000,0
33001,0
33002,0
33003,1
33004,0
33005,0
33006,0
33007,0
33008,0
33009,0
33010,1
33011,1
33012,0
33013,0
33014,1
33015,0
33016,0
33017,0
33018,0
33019,0
33020,1
33021,0
33022,1
33023,0
33024,1
33025,0
33026,0
33027,0
33028,0
33029,0
33030,0
33031,1
33032,0
33033,1
33034,0
33035,0
33036,0
33037,1
33038,1
33039,0
33040,0
33041,0
33042,0
33043,0
33044,0
33045,0
33046,1
33047,0
33048,1
33049,0
33050,0
33051,0
33052,0
33053,0
33054,0
33055,0
33056,1
33057,0
33058,0
33059,0
33060,0
33061,0
33062,1
33063,0
33064,1
33065,1
33066,0
33067,0
33068,0
33069,0
33070,0
33071,0
33072,0
33073,0
33074,1
33075,1
33076,0
33077,0
33078,1
33079,0
33080,0
33081,0
33082,0
33083,0
33084,0
33085,0
33086,0
33087,0
33088,1
33089,0
33090,1
33091,0
33092,0
33093,0
33094,0
33095,0
33096,0
33097,0
33098,0
33099,0
33100,1
33101,1
33102,0
33103,1
33104,0
33105,0
33106,0
33107,0
33108,1
33109,1
33110,0
33111,1
33112,1
33113,0
33114,0
33115,1
33116,0
33117,0
33118,1
33119,0
33120,0
33121,0
33122,0
33123,0
33124,0
33125,0
33126,0
33127,0
33128,0
33129,0
33130,1
33131,0
33132,0
33133,0
33134,0
33135,0
33136,0
33137,1
33138,1
33139,0
33140,1
33141,1
33142,1
33143,0
33144,0
33145,0
33146,0
33147,1
33148,1
33149,1
33150,0
33151,0
33152,0
33153,1
33154,1
33155,0
33156,1
33157,0
33158,0
33159,0
33160,0
33161,0
33162,1
33163,0
33164,0
33165,0
33166,1
33167,0
33168,0
33169,0
33170,0
33171,0
33172,0
33173,1
33174,0
33175,0
33176,1
33177,1
33178,1
33179,0
33180,1
33181,0
33182,0
33183,0
33184,0
33185,0
33186,0
33187,0
33188,0
33189,0
33190,0
33191,1
33192,0
33193,0
33194,0
33195,1
33196,0
33197,0
33198,0
33199,0
33200,1
33201,0
33202,1
33203,0
33204,0
33205,0
33206,0
33207,0
33208,0
33209,0
33210,0
33211,0
33212,0
33213,0
33214,0
33215,0
33216,0
33217,0
33218,1
33219,1
33220,0
33221,0
33222,1
33223,0
33224,0
33225,0
33226,0
33227,0
33228,0
33229,0
33230,0
33231,0
33232,1
33233,0
33234,1
33235,0
33236,0
33237,0
33238,0
33239,0
33240,0
33241,0
33242,0
33243,0
33244,0
33245,0
33246,0
33247,0
33248,1
33249,0
33250,0
33251,0
33252,1
33253,1
33254,0
33255,0
33256,0
33257,0
33258,0
33259,1
33260,0
33261,0
33262,0
33263,0
33264,0
33265,0
33266,0
33267,0
33268,1
33269,0
33270,0
33271,0
33272,0
33273,0
33274,0
33275,0
33276,0
33277,1
33278,0
33279,0
33280,0
33281,0
33282,1
33283,0
33284,0
33285,0
33286,1
33287,0
33288,0
33289,0
33290,0
33291,0
33292,0
33293,0
33294,0
33295,0
33296,0
33297,0
33298,0
33299,0
33300,0
33301,1
33302,1
33303,0
33304,0
33305,0
33306,0
33307,0
33308,0
33309,1
33310,0
33311,0
33312,1
33313,1
33314,0
33315,0
33316,0
33317,1
33318,0
33319,1
33320,0
33321,1
33322,0
33323,0
33324,0
33325,0
33326,0
33327,0
33328,0
33329,1
33330,1
33331,0
33332,0
33333,0
33334,0
33335,1
33336,0
33337,0
33338,0
33339,1
33340,0
33341,0
33342,0
33343,1
33344,0
33345,0
33346,0
33347,0
33348,0
33349,0
33350,0
33351,0
33352,0
33353,0
33354,1
33355,1
33356,0
33357,0
33358,1
33359,0
33360,1
33361,0
33362,0
33363,0
33364,1
33365,0
33366,0
33367,0
33368,0
33369,0
33370,0
33371,0
33372,0
33373,0
33374,0
33375,0
33376,0
33377,0
33378,1
33379,0
33380,1
33381,0
33382,0
33383,0
33384,0
33385,0
33386,0
33387,0
33388,1
33389,0
33390,0
33391,0
33392,0
33393,1
33394,0
33395,0
33396,0
33397,1
33398,0
33399,1
33400,0
33401,1
33402,0
33403,1
33404,0
33405,0
33406,0
33407,0
33408,1
33409,0
33410,0
33411,0
33412,0
33413,0
33414,0
33415,0
33416,0
33417,0
33418,1
33419,0
33420,0
33421,0
33422,0
33423,1
33424,0
33425,1
33426,0
33427,0
33428,1
33429,0
33430,1
33431,1
33432,0
33433,0
33434,0
33435,0
33436,0
33437,1
33438,1
33439,0
33440,0
33441,0
33442,0
33443,0
33444,0
33445,0
33446,0
33447,0
33448,0
33449,0
33450,1
33451,0
33452,0
33453,1
33454,0
33455,0
33456,1
33457,0
33458,0
33459,0
33460,0
33461,0
33462,0
33463,0
33464,1
33465,0
33466,0
33467,0
33468,1
33469,0
33470,0
33471,1
33472,0
33473,0
33474,0
33475,0
33476,0
33477,0
33478,0
33479,1
33480,0
33481,0
33482,1
33483,0
33484,1
33485,0
33486,0
33487,0
33488,0
33489,0
33490,1
33491,0
33492,0
33493,0
33494,0
33495,0
33496,0
33497,0
33498,0
33499,0
33500,0
33501,0
33502,0
33503,1
33504,0
33505,0
33506,0
33507,1
33508,1
33509,1
33510,1
33511,0
33512,0
33513,0
33514,0
33515,0
33516,0
33517,0
33518,0
33519,0
33520,0
33521,0
33522,0
33523,0
33524,0
33525,0
33526,1
33527,0
33528,0
33529,0
33530,1
33531,1
33532,1
33533,1
33534,0
33535,0
33536,0
33537,0
33538,0
33539,0
33540,0
33541,0
33542,0
33543,0
33544,0
33545,0
33546,1
33547,0
33548,1
33549,1
33550,0
33551,0
33552,0
33553,1
33554,0
33555,1
33556,0
33557,0
33558,0
33559,0
33560,0
33561,0
33562,0
33563,1
33564,0
33565,0
33566,0
33567,0
33568,0
33569,0
33570,0
33571,1
33572,0
33573,1
33574,0
33575,0
33576,0
33577,1
33578,1
33579,1
33580,0
33581,0
33582,0
33583,0
33584,0
33585,0
33586,0
33587,1
33588,0
33589,0
33590,0
33591,1
33592,0
33593,0
33594,0
33595,0
33596,0
33597,0
33598,0
33599,0
33600,0
33601,0
33602,1
33603,1
33604,0
33605,0
33606,1
33607,1
33608,0
33609,1
33610,0
33611,0
33612,1
33613,0
33614,0
33615,1
33616,0
33617,0
33618,0
33619,0
33620,0
33621,0
33622,0
33623,0
33624,0
33625,0
33626,0
33627,0
33628,1
33629,0
33630,0
33631,0
33632,0
33633,0
33634,1
33635,0
33636,0
33637,1
33638,1
33639,0
33640,0
33641,0
33642,0
33643,0
33644,0
33645,0
33646,0
33647,0
33648,0
33649,0
33650,0
33651,0
33652,0
33653,1
33654,1
33655,0
33656,0
33657,1
33658,0
33659,0
33660,0
33661,0
33662,1
33663,1
33664,0
33665,0
33666,0
33667,0
33668,0
33669,0
33670,0
33671,0
33672,0
33673,1
33674,1
33675,0
33676,0
33677,0
33678,0
33679,0
33680,0
33681,0
33682,0
33683,0
33684,0
33685,0
33686,0
33687,1
33688,0
33689,1
33690,0
33691,1
33692,0
33693,0
33694,0
33695,0
33696,0
33697,0
33698,0
33699,0
33700,0
33701,0
33702,1
33703,0
33704,0
33705,0
33706,0
33707,0
33708,0
33709,1
33710,1
33711,1
33712,0
33713,1
33714,0
33715,0
33716,1
33717,0
33718,0
33719,1
33720,0
33721,0
33722,0
33723,0
33724,1
33725,0
33726,0
33727,0
33728,1
33729,0
33730,0
33731,0
33732,1
33733,1
33734,0
33735,1
33736,1
33737,0
33738,0
33739,0
33740,1
33741,0
33742,1
33743,0
33744,0
33745,1
33746,0
33747,0
33748,0
33749,0
33750,0
33751,0
33752,0
33753,0
33754,1
33755,0
33756,1
33757,0
33758,0
33759,0
33760,0
33761,0
33762,0
33763,0
33764,0
33765,1
33766,0
33767,1
33768,0
33769,0
33770,0
33771,0
33772,0
33773,1
33774,0
33775,0
33776,1
33777,0
33778,0
33779,0
33780,0
33781,0
33782,0
33783,0
33784,0
33785,0
33786,0
33787,0
33788,1
33789,0
33790,0
33791,0
33792,1
33793,0
33794,0
33795,1
33796,0
33797,1
33798,1
33799,0
33800,0
33801,0
33802,0
33803,0
33804,0
33805,0
33806,0
33807,1
33808,0
33809,0
33810,1
33811,0
33812,0
33813,0
33814,1
33815,0
33816,1
33817,1
33818,1
33819,0
33820,0
33821,1
33822,0
33823,0
33824,0
33825,0
33826,0
33827,0
33828,1
33829,0
33830,1
33831,0
33832,0
33833,0
33834,0
33835,0
33836,0
33837,0
33838,0
33839,0
33840,0
33841,0
33842,0
33843,0
33844,1
33845,0
33846,0
33847,0
33848,0
33849,1
33850,1
33851,1
33852,0
33853,1
33854,1
33855,0
33856,1
33857,0
33858,0
33859,0
33860,0
33861,0
33862,0
33863,0
33864,0
33865,0
33866,0
33867,1
33868,1
33869,0
33870,0
33871,0
33872,0
33873,0
33874,0
33875,0
33876,1
33877,0
33878,0
33879,0
33880,0
33881,0
33882,0
33883,1
33884,0
33885,1
33886,1
33887,0
33888,0
33889,0
33890,0
33891,0
33892,0
33893,0
33894,0
33895,0
33896,0
33897,0
33898,0
33899,0
33900,0
33901,1
33902,0
33903,0
33904,0
33905,1
33906,0
33907,0
33908,1
33909,1
33910,0
33911,0
33912,1
33913,0
33914,0
33915,0
33916,0
33917,0
33918,0
33919,0
33920,0
33921,1
33922,1
33923,0
33924,1
33925,0
33926,0
33927,0
33928,0
33929,0
33930,1
33931,0
33932,0
33933,0
33934,0
33935,0
33936,0
33937,0
33938,0
33939,0
33940,0
33941,0
33942,0
33943,1
33944,0
33945,0
33946,0
33947,0
33948,1
33949,0
33950,0
33951,1
33952,1
33953,1
33954,1
33955,0
33956,0
33957,0
33958,0
33959,0
33960,0
33961,0
33962,0
33963,0
33964,0
33965,0
33966,0
33967,0
33968,0
33969,0
33970,0
33971,0
33972,0
33973,0
33974,1
33975,0
33976,0
33977,0
33978,0
33979,0
33980,1
33981,0
33982,0
33983,0
33984,0
33985,0
33986,0
33987,0
33988,0
33989,1
33990,0
33991,0
33992,0
33993,0
33994,0
33995,0
33996,0
33997,0
33998,0
33999,0
34000,0
34001,0
34002,0
34003,0
34004,0
34005,0
34006,0
34007,0
34008,0
34009,0
34010,1
34011,0
34012,0
34013,1
34014,0
34015,0
34016,1
34017,0
34018,0
34019,1
34020,0
34021,1
34022,0
34023,0
34024,1
34025,0
34026,1
34027,0
34028,1
34029,1
34030,0
34031,1
34032,0
34033,0
34034,0
34035,0
34036,0
34037,0
34038,1
34039,0
34040,0
34041,0
34042,0
34043,0
34044,0
34045,1
34046,0
34047,1
34048,0
34049,0
34050,1
34051,1
34052,1
34053,0
34054,0
34055,1
34056,0
34057,0
34058,0
34059,1
34060,0
34061,0
34062,0
34063,0
34064,0
34065,0
34066,0
34067,0
34068,0
34069,0
34070,1
34071,0
34072,0
34073,0
34074,0
34075,0
34076,1
34077,0
34078,0
34079,0
34080,1
34081,0
34082,1
34083,0
34084,0
34085,0
34086,0
34087,0
34088,0
34089,0
34090,0
34091,0
34092,1
34093,1
34094,0
34095,0
34096,1
34097,0
34098,0
34099,0
34100,0
34101,0
34102,0
34103,0
34104,0
34105,0
34106,0
34107,0
34108,1
34109,0
34110,0
34111,0
34112,1
34113,0
34114,1
34115,1
34116,0
34117,0
34118,0
34119,1
34120,1
34121,1
34122,0
34123,0
34124,0
34125,0
34126,0
34127,0
34128,0
34129,0
34130,0
34131,0
34132,0
34133,1
34134,0
34135,0
34136,0
34137,0
34138,0
34139,0
34140,0
34141,0
34142,0
34143,1
34144,0
34145,0
34146,0
34147,0
34148,0
34149,0
34150,0
34151,0
34152,0
34153,1
34154,0
34155,0
34156,0
34157,0
34158,0
34159,0
34160,0
34161,0
34162,0
34163,0
34164,1
34165,0
34166,0
34167,0
34168,0
34169,1
34170,1
34171,0
34172,0
34173,1
34174,0
34175,0
34176,1
34177,0
34178,0
34179,0
34180,0
34181,0
34182,0
34183,0
34184,0
34185,0
34186,0
34187,0
34188,0
34189,0
34190,1
34191,1
34192,0
34193,0
34194,0
34195,0
34196,0
34197,0
34198,0
34199,0
34200,0
34201,0
34202,0
34203,0
34204,0
34205,0
34206,0
34207,0
34208,0
34209,1
34210,0
34211,0
34212,1
34213,0
34214,0
34215,1
34216,0
34217,0
34218,0
34219,0
34220,1
34221,1
34222,0
34223,0
34224,0
34225,1
34226,0
34227,0
34228,0
34229,1
34230,0
34231,0
34232,0
34233,1
34234,0
34235,0
34236,0
34237,0
34238,1
34239,1
34240,1
34241,0
34242,1
34243,0
34244,0
34245,0
34246,1
34247,1
34248,0
34249,0
34250,0
34251,0
34252,0
34253,0
34254,0
34255,1
34256,0
34257,1
34258,0
34259,0
34260,0
34261,0
34262,0
34263,1
34264,1
34265,0
34266,0
34267,0
34268,0
34269,0
34270,1
34271,0
34272,0
34273,0
34274,1
34275,0
34276,1
34277,0
34278,0
34279,1
34280,0
34281,0
34282,0
34283,0
34284,0
34285,0
34286,0
34287,0
34288,0
34289,0
34290,0
34291,0
34292,1
34293,1
34294,1
34295,0
34296,0
34297,0
34298,1
34299,1
34300,1
34301,0
34302,0
34303,0
34304,0
34305,0
34306,0
34307,0
34308,1
34309,0
34310,0
34311,0
34312,0
34313,0
34314,0
34315,1
34316,0
34317,0
34318,0
34319,1
34320,0
34321,0
34322,0
34323,0
34324,0
34325,0
34326,0
34327,0
34328,0
34329,0
34330,0
34331,0
34332,0
34333,0
34334,0
34335,0
34336,0
34337,0
34338,0
34339,0
34340,1
34341,1
34342,0
34343,0
34344,0
34345,0
34346,0
34347,0
34348,0
34349,1
34350,0
34351,1
34352,0
34353,0
34354,0
34355,0
34356,1
34357,0
34358,0
34359,0
34360,0
34361,1
34362,0
34363,1
34364,0
34365,0
34366,0
34367,0
34368,0
34369,0
34370,1
34371,0
34372,0
34373,0
34374,0
34375,0
34376,0
34377,0
34378,0
34379,0
34380,1
34381,0
34382,0
34383,0
34384,0
34385,0
34386,0
34387,0
34388,0
34389,0
34390,1
34391,0
34392,1
34393,0
34394,1
34395,0
34396,0
34397,0
34398,1
34399,1
34400,0
34401,1
34402,1
34403,0
34404,0
34405,1
34406,0
34407,0
34408,1
34409,0
34410,0
34411,0
34412,0
34413,1
34414,0
34415,0
34416,0
34417,0
34418,0
34419,1
34420,0
34421,0
34422,1
34423,0
34424,0
34425,1
34426,0
34427,0
34428,0
34429,1
34430,1
34431,0
34432,0
34433,0
34434,0
34435,0
34436,0
34437,0
34438,1
34439,0
34440,0
34441,1
34442,0
34443,0
34444,0
34445,0
34446,0
34447,0
34448,0
34449,1
34450,0
34451,0
34452,1
34453,0
34454,0
34455,1
34456,0
34457,0
34458,1
34459,0
34460,0
34461,0
34462,0
34463,1
34464,1
34465,0
34466,0
34467,0
34468,1
34469,0
34470,1
34471,0
34472,1
34473,1
34474,1
34475,0
34476,0
34477,0
34478,0
34479,1
34480,0
34481,1
34482,0
34483,1
34484,0
34485,0
34486,0
34487,0
34488,1
34489,0
34490,0
34491,0
34492,0
34493,1
34494,1
34495,0
34496,0
34497,0
34498,0
34499,0
34500,0
34501,1
34502,0
34503,1
34504,1
34505,0
34506,0
34507,0
34508,0
34509,0
34510,0
34511,0
34512,0
34513,0
34514,0
34515,0
34516,0
34517,0
34518,0
34519,0
34520,0
34521,0
34522,0
34523,0
34524,1
34525,1
34526,1
34527,0
34528,0
34529,0
34530,0
34531,1
34532,1
34533,0
34534,0
34535,0
34536,0
34537,0
34538,0
34539,0
34540,0
34541,0
34542,0
34543,0
34544,1
34545,0
34546,0
34547,0
34548,1
34549,0
34550,1
34551,0
34552,0
34553,0
34554,0
34555,0
34556,0
34557,1
34558,0
34559,1
34560,0
34561,0
34562,0
34563,0
34564,0
34565,0
34566,0
34567,1
34568,0
34569,0
34570,0
34571,0
34572,0
34573,0
34574,0
34575,1
34576,0
34577,0
34578,0
34579,0
34580,0
34581,1
34582,0
34583,0
34584,1
34585,1
34586,0
34587,0
34588,0
34589,0
34590,0
34591,1
34592,0
34593,0
34594,0
34595,0
34596,1
34597,0
34598,0
34599,0
34600,0
34601,0
34602,0
34603,0
34604,0
34605,1
34606,0
34607,0
34608,1
34609,0
34610,0
34611,0
34612,0
34613,1
34614,0
34615,1
34616,0
34617,0
34618,0
34619,0
34620,1
34621,0
34622,1
34623,0
34624,0
34625,0
34626,0
34627,1
34628,0
34629,0
34630,0
34631,0
34632,0
34633,0
34634,0
34635,0
34636,0
34637,0
34638,0
34639,1
34640,0
34641,0
34642,0
34643,1
34644,0
34645,0
34646,0
34647,0
34648,0
34649,0
34650,0
34651,0
34652,1
34653,1
34654,0
34655,0
34656,0
34657,1
34658,1
34659,0
34660,0
34661,0
34662,0
34663,0
34664,0
34665,0
34666,0
34667,1
34668,1
34669,0
34670,0
34671,0
34672,0
34673,0
34674,0
34675,0
34676,1
34677,0
34678,0
34679,0
34680,0
34681,0
34682,0
34683,0
34684,0
34685,0
34686,0
34687,1
34688,1
34689,0
34690,0
34691,0
34692,0
34693,1
34694,1
34695,0
34696,1
34697,0
34698,0
34699,1
34700,0
34701,1
34702,0
34703,1
34704,0
34705,0
34706,0
34707,0
34708,0
34709,1
34710,0
34711,0
34712,0
34713,0
34714,0
34715,0
34716,0
34717,0
34718,1
34719,0
34720,1
34721,0
34722,0
34723,0
34724,0
34725,0
34726,0
34727,0
34728,0
34729,0
34730,0
34731,0
34732,0
34733,1
34734,0
34735,0
34736,0
34737,0
34738,0
34739,0
34740,0
34741,1
34742,0
34743,1
34744,0
34745,0
34746,0
34747,0
34748,1
34749,0
34750,1
34751,0
34752,0
34753,0
34754,0
34755,0
34756,0
34757,0
34758,0
34759,0
34760,1
34761,1
34762,1
34763,0
34764,1
34765,1
34766,1
34767,0
34768,0
34769,0
34770,0
34771,0
34772,0
34773,0
34774,0
34775,0
34776,0
34777,0
34778,1
34779,0
34780,0
34781,0
34782,0
34783,0
34784,0
34785,0
34786,0
34787,0
34788,0
34789,0
34790,0
34791,0
34792,1
34793,0
34794,0
34795,0
34796,0
34797,0
34798,0
34799,0
34800,0
34801,0
34802,0
34803,0
34804,0
34805,0
34806,0
34807,1
34808,0
34809,1
34810,0
34811,1
34812,1
34813,0
34814,0
34815,0
34816,0
34817,0
34818,0
34819,1
34820,0
34821,0
34822,1
34823,0
34824,1
34825,1
34826,1
34827,0
34828,0
34829,0
34830,0
34831,0
34832,1
34833,0
34834,0
34835,0
34836,0
34837,0
34838,1
34839,0
34840,0
34841,1
34842,0
34843,0
34844,0
34845,0
34846,1
34847,0
34848,0
34849,0
34850,0
34851,0
34852,0
34853,0
34854,1
34855,0
34856,1
34857,0
34858,1
34859,1
34860,0
34861,1
34862,1
34863,0
34864,0
34865,0
34866,0
34867,0
34868,0
34869,1
34870,0
34871,0
34872,1
34873,0
34874,0
34875,0
34876,0
34877,0
34878,0
34879,0
34880,0
34881,0
34882,0
34883,0
34884,1
34885,0
34886,0
34887,0
34888,0
34889,0
34890,0
34891,0
34892,0
34893,0
34894,0
34895,0
34896,0
34897,0
34898,0
34899,0
34900,0
34901,0
34902,0
34903,0
34904,0
34905,0
34906,0
34907,0
34908,1
34909,1
34910,0
34911,0
34912,0
34913,0
34914,0
34915,0
34916,0
34917,1
34918,0
34919,0
34920,0
34921,0
34922,0
34923,0
34924,0
34925,0
34926,0
34927,0
34928,0
34929,0
34930,0
34931,0
34932,0
34933,0
34934,0
34935,0
34936,1
34937,0
34938,1
34939,0
34940,0
34941,0
34942,0
34943,0
34944,0
34945,0
34946,0
34947,0
34948,0
34949,0
34950,0
34951,1
34952,0
34953,0
34954,0
34955,0
34956,1
34957,1
34958,0
34959,0
34960,0
34961,1
34962,0
34963,0
34964,0
34965,0
34966,0
34967,0
34968,0
34969,1
34970,0
34971,0
34972,0
34973,1
34974,0
34975,1
34976,0
34977,1
34978,0
34979,0
34980,0
34981,1
34982,1
34983,0
34984,0
34985,0
34986,0
34987,0
34988,0
34989,0
34990,0
34991,0
34992,0
34993,0
34994,1
34995,0
34996,0
34997,0
34998,0
34999,0
35000,1
35001,0
35002,0
35003,0
35004,1
35005,0
35006,0
35007,0
35008,1
35009,0
35010,0
35011,0
35012,0
35013,0
35014,1
35015,0
35016,1
35017,0
35018,0
35019,0
35020,0
35021,0
35022,0
35023,0
35024,0
35025,0
35026,0
35027,0
35028,0
35029,0
35030,0
35031,0
35032,1
35033,0
35034,1
35035,0
35036,0
35037,1
35038,0
35039,0
35040,0
35041,0
35042,1
35043,1
35044,0
35045,0
35046,0
35047,0
35048,0
35049,0
35050,0
35051,0
35052,0
35053,0
35054,1
35055,0
35056,0
35057,0
35058,1
35059,0
35060,0
35061,0
35062,0
35063,1
35064,0
35065,0
35066,0
35067,0
35068,0
35069,1
35070,1
35071,0
35072,0
35073,0
35074,0
35075,0
35076,0
35077,0
35078,0
35079,0
35080,0
35081,0
35082,0
35083,0
35084,0
35085,1
35086,1
35087,1
35088,0
35089,0
35090,0
35091,0
35092,0
35093,1
35094,0
35095,0
35096,1
35097,0
35098,0
35099,0
35100,0
35101,0
35102,0
35103,0
35104,0
35105,0
35106,0
35107,0
35108,1
35109,0
35110,0
35111,0
35112,0
35113,0
35114,0
35115,1
35116,0
35117,0
35118,0
35119,0
35120,1
35121,0
35122,1
35123,0
35124,0
35125,0
35126,0
35127,0
35128,0
35129,0
35130,1
35131,0
35132,0
35133,0
35134,0
35135,0
35136,0
35137,0
35138,0
35139,0
35140,0
35141,0
35142,1
35143,0
35144,0
35145,0
35146,0
35147,0
35148,0
35149,1
35150,0
35151,0
35152,0
35153,0
35154,0
35155,0
35156,0
35157,0
35158,0
35159,0
35160,0
35161,0
35162,0
35163,0
35164,0
35165,0
35166,1
35167,0
35168,0
35169,1
35170,1
35171,1
35172,0
35173,0
35174,0
35175,1
35176,1
35177,0
35178,1
35179,0
35180,1
35181,0
35182,0
35183,0
35184,0
35185,0
35186,0
35187,0
35188,0
35189,0
35190,0
35191,0
35192,0
35193,1
35194,0
35195,1
35196,0
35197,0
35198,0
35199,1
35200,0
35201,0
35202,0
35203,0
35204,0
35205,1
35206,0
35207,1
35208,0
35209,0
35210,1
35211,0
35212,0
35213,1
35214,1
35215,0
35216,0
35217,1
35218,0
35219,0
35220,0
35221,0
35222,0
35223,1
35224,1
35225,0
35226,0
35227,0
35228,1
35229,0
35230,0
35231,0
35232,0
35233,0
35234,0
35235,1
35236,0
35237,0
35238,0
35239,0
35240,0
35241,0
35242,0
35243,1
35244,0
35245,0
35246,1
35247,0
35248,1
35249,0
35250,1
35251,0
35252,0
35253,0
35254,0
35255,1
35256,0
35257,0
35258,0
35259,0
35260,0
35261,0
35262,0
35263,0
35264,0
35265,0
35266,0
35267,1
35268,0
35269,0
35270,0
35271,0
35272,0
35273,0
35274,0
35275,0
35276,0
35277,1
35278,0
35279,1
35280,1
35281,0
35282,0
35283,1
35284,0
35285,1
35286,1
35287,1
35288,0
35289,0
35290,0
35291,0
35292,0
35293,1
35294,0
35295,0
35296,0
35297,0
35298,0
35299,0
35300,1
35301,0
35302,0
35303,0
35304,0
35305,0
35306,0
35307,0
35308,1
35309,0
35310,1
35311,0
35312,1
35313,0
35314,0
35315,0
35316,0
35317,0
35318,0
35319,0
35320,0
35321,0
35322,1
35323,0
35324,0
35325,1
35326,1
35327,0
35328,0
35329,0
35330,1
35331,1
35332,0
35333,1
35334,0
35335,0
35336,1
35337,0
35338,0
35339,0
35340,0
35341,0
35342,1
35343,1
35344,0
35345,1
35346,0
35347,0
35348,0
35349,1
35350,1
35351,0
35352,0
35353,0
35354,0
35355,0
35356,1
35357,0
35358,0
35359,1
35360,0
35361,0
35362,0
35363,0
35364,0
35365,0
35366,0
35367,0
35368,0
35369,1
35370,0
35371,0
35372,0
35373,0
35374,0
35375,1
35376,1
35377,0
35378,0
35379,0
35380,0
35381,1
35382,0
35383,0
35384,1
35385,0
35386,1
35387,1
35388,0
35389,0
35390,0
35391,0
35392,0
35393,1
35394,0
35395,0
35396,0
35397,0
35398,1
35399,0
35400,0
35401,0
35402,1
35403,0
35404,0
35405,1
35406,0
35407,1
35408,1
35409,1
35410,0
35411,0
35412,1
35413,0
35414,1
35415,0
35416,0
35417,0
35418,0
35419,1
35420,0
35421,0
35422,0
35423,1
35424,0
35425,0
35426,0
35427,1
35428,0
35429,0
35430,0
35431,0
35432,0
35433,0
35434,0
35435,1
35436,1
35437,1
35438,0
35439,0
35440,0
35441,0
35442,0
35443,0
35444,0
35445,0
35446,1
35447,1
35448,0
35449,0
35450,0
35451,0
35452,0
35453,0
35454,0
35455,0
35456,0
35457,0
35458,0
35459,1
35460,1
35461,0
35462,0
35463,0
35464,1
35465,0
35466,0
35467,1
35468,1
35469,0
35470,0
35471,0
35472,0
35473,0
35474,0
35475,0
35476,1
35477,0
